Source Name,Type (News or CSO),"Regional Level (Regional, National, International)",NUTS (if applicable for regional offices),Description,Link,Independence Rating,Notes,Country,Wiki Source
Wiener Zeitung ,News,National,,Official publication used by the government.,https://www.wienerzeitung.at/,It aspires to be a liberal quality newspaper. How much political influence is exerted on the paper depends on the political party affiliation of the Secretary of State for Arts and Media.,,Austria,
Austria Press Agency,News,National,,Owned by the Austrian daily newspapers and the ORF and is predominantly focused on technology solutions for editorial and media operations or the communications industry. Since Spring 2005 a local edition has also been published in Styria.,https://apa.at/,,,Austria,
Der Falter,News,"Regional (Vienna, Styria)",AT1; AT2,,https://www.falter.at/,Labeled as centre-left.,,Austria,
Der Standard,News,"Both (Vienna, Styria, Upper Austria, Carinthia)",AT1; AT2: AT3,"Although Der Standard is intended to be a national paper, in the past it had an undeniable tendency to focus on Vienna. This has been mitigated by having editorial offices in other federal states (currently Styria, Upper Austria and Carinthia) and the introduction of regional sections. ",https://www.derstandard.at/,"It describes itself as liberal and politically independent, and is generally considered to be centre-left in orientation.",,Austria,
Die Furche,News,National (Vienna),AT1,,https://www.furche.at/,Has a liberal Catholic leaning.,,Austria,
Die Presse,News,National (Vienna),AT1,"Since 1999 it has been owned by the Styria Medien AG, a conservative-liberal media group founded by the Catholic Church.",https://www.diepresse.com/,"The political position of the ""Die Presse"" can be described as classical liberal, with a strong emphasis on free-market economy and small government, traditionally opposing Austria's grand coalition and its neocorporatist tendencies. ",,Austria,
Oberösterreichische Nachrichten,News,Regional (Linz),AT3,,https://www.nachrichten.at/,Has an independent political leaning.,,Austria,
Kleine Zeitung,News,"Regional (Steirmark, Kärnten and Osttirol)",AT2; AT3,,https://www.kleinezeitung.at/,It's completely owned by the Styria Media Group which has close ties to the Church. ,,Austria,
Salzburger Nachrichten,News,Regional (Salzburg),AT3,,https://www.sn.at/,SN undertook to promote a Christian and liberal world view in its editorial policy statement. It is family-owned.,,Austria,
Profil,News,National (Vienna),AT1,,https://www.profil.at/oesterreich,In the mid-1980s it had an independent and liberal leaning. In the 2000s the magazine had a left liberal political stance.,,Austria,
Kurier,News,"Both (Vienna, Lower Austria, Burgenland, Upper Austria)",AT1; AT3,"It combines tabloid, magazine and newspaper content and sees itself as Austria's leading quality newspaper.",https://kurier.at/chronik/niederoesterreich,It's considered to have a liberal political orientation.,,Austria,
Datum,News,National (Vienna),AT1,,https://datum.at/,It is perceived as left-wing.,,Austria,
Kronen Zeitung,News,"National (Vienna, Burgenland)",AT1,Tabloid.,https://www.krone.at/,"Its position alternates between social democratic, conservative and yet often right-wing populist depending on the context. It focusses on shaping public opinion. ",,Austria,
Trend,News,National (Vienna),AT1,,http://www.trend.at/,Its standpoint is perceived as liberal.,,Austria,
Kitzbüheler Anzeiger,News,Regional (Kitzbühel),AT3,,https://www.kitzanzeiger.at/ ,,,Austria,
Niederösterreichische Nachrichten (NÖN),News,"Regional (Sankt Pölten, Lower Austria)",AT1,,https://www.noen.at/,,,Austria,
Tiroler Tageszeitung,News,Regional (Innsbruck),AT3,,https://www.tt.com/,"The paper is described as a conservative publication. However, the paper has no political affiliation and has an independent stance.",,Austria,
Vienna Times,News,National,,English based website.,https://www.viennatimes.com/,,,Austria,
Vorarlberg ,News,Regional (Vorarlberg),AT3,,https://www.vol.at/,,,Austria,
Vorarlberger Nachrichten,News,Regional (Vorarlberg),AT3,,https://www.vn.at/,,,Austria,
WN24,News,Regional (Wiener Neustadt),AT1,,https://www.wn24.at/wissen,,,Austria,
MeinBezirk,News,"Regional (Carinthia, Styria)",AT2 ,,https://www.meinbezirk.at/kaernten,,,Austria,
ORF,News,"Both (Burgenland, Carinthia, Lower Austria, Upper Austria, Salzburg, Styria, Tyrol, Vorarlberg, Vienna)",AT1; AT2; AT3,,https://oesterreich.orf.at/,,,Austria,
ORF Steiermark,News,Regional (Styria),AT2,,https://steiermark.orf.at/,,,Austria,
Salzburg24,News,Regional (Salzburg),AT3,,https://www.salzburg24.at/,,,Austria,
Trends-Tendances ,News,Regional (Brussels),BE1,,https://trends.levif.be/,It's characterized as having liberal political leaning. ,,Belgium,
Le Vif,News,Regional (Brussels),BE1,,https://www.levif.be/,"Le Vif/L'Express adopts a ""neutral"" political stance. Labeled as centre-left.",,Belgium,
L'Avenir ,News,"Regional (Namur/Dinant, Basse Sambre, Entre-Sambre and Meuse, Brabant, Luxembourg, Verviers, de Huy-Waremme, Tournai, Mouscron)",BE3,,https://www.lavenir.net/,Labeled as liberal.,,Belgium,
La Libre Belgique,News,National (Brussels),BE1; BE2; BE3,,https://www.lalibre.be/, Labeled as liberal.,,Belgium,
La Dernière Heure,News,"Regional (Namur/Luxembourg, Liège, Tournai/Ath/Mouscron, Mons Center, Charleroi Center, Brabant, Brussels). ",BE1; BE3,,https://www.eurotopics.net/en/148662/la-dernire-heure,Labeled as liberal.,,Belgium,
Knack,News,Regional (Brussels),BE1,,https://www.knack.be/,Labeled as left-wing in its political orientation.,,Belgium,
VRT NWS,News,National (Brussels),BE1; BE2; BE3,,https://www.vrt.be/vrtnws/nl/,,,Belgium,
Dewereldmorgen,News,National (Antwerp),BE2,,https://www.dewereldmorgen.be/,Labeled as independent.,,Belgium,
De Standaard,News,Regional (Brussels),BE1,,https://www.standaard.be/,Labeled as liberal-conservative.,,Belgium,
De Morgen,News,Regional (Antwerp),BE2,,https://www.demorgen.be/,Labeled as left-wing.,,Belgium,
Le Soir,News,National (Brussels),BE1,,https://www.lesoir.be/,Labeled as liberal and progressive with politically federalist leanings.,,Belgium,
Het Nieuwsblad,News,Regional (Vlaanderen),BE2,Tabloid,https://www.hln.be/,"The website, just like the paper edition, is characterised as populist, rather right wing, with a focus on local news, celebrity news and sensational articles.",,Belgium,
Het Laatste Nieuws,News,Regional (Vlaanderen),BE2,Tabloid,https://www.hln.be/,"Het Laatste Nieuws has grown from an extremely sensational newspaper (of a liberal purport) into a sensationalist, popular-populist newspaper with a special focus on 'the people in and behind the news'.",,Belgium,
Grenz-Echo,News,Regional (Eupen),BE3,"The only German language daily newspaper published in Eupen, Belgium, aimed at the German-speaking community and the neighbouring areas in the east of the country",https://www.grenzecho.net/50/sections/ostbelgien,"Calls itself a politically independent, tolerant and Christian daily.",,Belgium,
News BG,News,National (Sofia),BG4,,https://news.bg/,Labeled as conservative. ,,Bulgaria,
Baricada,News,National (Sofia),BG4,"Online portal run by a group of left-wing activists, journalists and intellectuals in several Eastern European countries. According to their own statements, they want to offer an alternative to right-wing conservative and right-wing liberal opinions and analyses, but also to conventional media. ",https://baricada.org/,Labeled as left-wing.,,Bulgaria,
Fakti,News,National (Sofia),BG4,,https://fakti.bg/,Labeled as liberal conservative. ,,Bulgaria,
E-Vestnik,News,National (Sofia),BG4,,https://e-vestnik.bg/,Very critical of the government. ,,Bulgaria,
Dnevnik,News,National (Sofia),BG4,"Dnevnik's main editorial line is that the state should intervene less, and that business should have more freedom.",https://www.dnevnik.bg/,Labeled as liberal-conservative. ,,Bulgaria,
Trud,News,"Both (Sofia, Plovdiv, Varna, Burgas, Ruse, Stara Zagora)",BG3; BG4,,https://trud.bg/%D1%80%D0%B5%D0%B3%D0%B8%D0%BE%D0%BD%D0%B8/,Labeled as pro-government. ,,Bulgaria,
Standart,News,National (Sofia),BG4,It has reportedly been financed by the politician and oligarch Delyan Peevski since 2011.,https://www.standartnews.com/,Has a pro-government stance. ,,Bulgaria,
Sega,News,National (Sofia),BG4,,https://www.segabg.com/,"Labeled as critical of the government. They describe themselves as ""as an independent quality newspaper.""",,Bulgaria,
Offnews,News,National (Sofia),BG4,,https://offnews.bg/,Labeled as critical of the government. ,,Bulgaria,
Kapital Daily,News,National (Sofia),BG4,,https://www.capital.bg/,Labeled as liberal.,,Bulgaria,
Blog euinside,Blog,National (Sofia),BG4,"Ran by the Bulgarian journalist Adelina Marini, who lives and works in the Croatian capital Zagreb. It focusses on political, economic and social developments related to the European Union and in particular Bulgaria and the Balkan states.",http://www.euinside.eu/,,,Bulgaria,
Deutsche Welle - Bulgaria,News,National (Bonn),BG4,Bulgarian service of the German Deutsche Welle.,https://www.dw.com/bg/blgaria/t-19378910,Labeled as liberal-conservative.,,Bulgaria,
Club Z,News,National (Sofia),BG4,,https://clubz.bg/,Labeled as liberal-conservative.,,Bulgaria,
24 Hours,News,National (Sofia),BG4,Tabloid,https://www.24chasa.bg/,It's frequently accused of exploiting its influence for political purposes.,,Bulgaria,
Webcafé,News,National (Sofia),BG4,,http://www.webcafe.bg/,Labeled as centre-left.,,Bulgaria,
Zov News,News,Regional (Northwestern),BG3 ,,https://zovnews.com/,,,Bulgaria,
Actualno,News,Both (covers 27 regions),BG3; BG4,,https://www.actualno.com/regional,,,Bulgaria,
Dunav  Most,News,Regional (Ruse),BG3,,https://www.dunavmost.com/,,,Bulgaria,
Razgrad News,News,Regional (Razgrad),BG3,,https://razgradnews.net/,,,Bulgaria,
Bulgarian National Television,News,National (Sofia),BG4,,https://bnt.bg/en,,,Bulgaria,
Veliko Tarnovo Municipality,News,Regional (Veliko Tarnovo),BG3,,https://veliko-tarnovo.bg/bg/,,,Bulgaria,
Dialogos,News,National (Nicosia),CY0,,https://dialogos.com.cy/,Labeled as left-wing.,,Cyprus,
Havadis,News,Regional (North Cypriot),CY0,,https://www.havadiskibris.com/,,,Cyprus,
Kibris Postasi,News,National (Nicosia),CY0,,https://www.kibrispostasi.com/,,,Cyprus,
Simerini,News,National (Nicosia),CY0,,https://simerini.sigmalive.com/,Labeled as conservative and often critical of the government.,,Cyprus,
Politis,News,National (Nicosia),CY0,,https://politis.com.cy/,Labeled as liberal.,,Cyprus,
Phileleftheros,News,National (Nicosia),CY0,,https://www.philenews.com/,Labeled as liberal.,,Cyprus,
Kathimerini,News,National (Nicosia),CY0,,https://www.kathimerini.com.cy/gr/,Labeled as conservative.,,Cyprus,
Kibris,News,Regional (Nicosia),CY0,Founded in 1989 by the Turkish Cypriot businessman Asil Nadir whose Kıbrıs Media Group also owns a radio station and television channel. His publications have supported various political parties in the unrecognised Repulic of Northern Cyprus. Kıbrıs himself was sentenced to ten years in prison in 2012 for embezzling millions from the British conglomerate Polly Peck.,https://www.kibrisgazetesi.com/,,,Cyprus,
Haravgi,News,National (Nicosia),CY0,Mouthpiece of the Cyprus communist party Akel.,https://dialogos.com.cy/haravgi/,Labeled as left-wing.,,Cyprus,
Cyprus Weekly,News,National (Nicosia),CY0,English language paper.,https://in-cyprus.philenews.com/,Labeled as liberal.,,Cyprus,
Cyprus Mail,News,National (Nicosia),CY0,,https://cyprus-mail.com/,Labeled as liberal.,,Cyprus,
,,,,,,,,Cyprus,
,,,,,,,,Cyprus,
,,,,,,,,Cyprus,
,,,,,,,,Cyprus,
,,,,,,,,Cyprus,
,,,,,,,,Cyprus,
,,,,,,,,Cyprus,
,,,,,,,,Cyprus,
,,,,,,,,Cyprus,
,,,,,,,,Cyprus,
,,,,,,,,Cyprus,
,,,,,,,,Cyprus,
,,,,,,,,Cyprus,
,,,,,,,,Cyprus,
,,,,,,,,Cyprus,
,,,,,,,,Cyprus,
,,,,,,,,Cyprus,
,,,,,,,,Cyprus,
,,,,,,,,Cyprus,
,,,,,,,,Cyprus,
,,,,,,,,Cyprus,
,,,,,,,,Cyprus,
https://www.bbc.com/news/world-europe-17205118,,,,,,,,Cyprus,
https://www.eurotopics.net/en/142186/media?search=&country=146382&language=0&art=0&circulation=0&typ=1#results,,,,,,,,Cyprus,
Novinky,News,National ,,,https://www.novinky.cz/,,,Czechia,
Seznam Zprávy,News,National ,,,https://www.seznamzpravy.cz/,Labeled as liberal.,,Czechia,
Denik N,News,National (Prague),,,https://denikn.cz/,"The content is characterized by its political independence, but when in doubt is more liberal and critical of the government.",,Czechia,
Metro,News,Regional (Prague),,,http://www.metro.cz/,Labeled as liberal. It has been part of the Agrofert group of the incumbent Czech Prime Minister Andrej Babiš since 2019. It is currently managed by a trust fund that the head of government has set up for the entire Agrofert Group in order to dispel allegations of a conflict of interest.,,Czechia,
Denik,News,Regional (covers all NUTS),,,https://www.denik.cz/,Labeled as liberal and it's published in 73 regional variations.,,Czechia,
Týden,News,National (Prague),,,https://www.tyden.cz/,Labeled as liberal.,,Czechia,
Respekt,News,National (Prague),,,https://www.respekt.cz/,Labeled as liberal.,,Czechia,
Reflex ,News,National (Prague),,,https://www.reflex.cz/,Labeled as liberal.,,Czechia,
Právo,News,National (Prague),,,https://www.pravo.cz/,Decidedly left-wing and closely aligned with the social democrats. Digital version is behind a paywall.,,Czechia,
Mladá fronta dnes,News,Regional (covers all NUTS),,,https://www.idnes.cz/kraje,"Labeled as liberal, it has 14 local editing departments with their own local sections. ",,Czechia,
Landesecho,News,National (Prague),,,http://landesecho.cz/,Labeled as liberal. It is a German-language monthly magazine aimed at the Czech Republic's ethnic German minority.,,Czechia,
Hospodářské noviny,News,National (Prague),,,https://hn.cz/,Labeled as liberal. ,,Czechia,
Echo24,News,National (Prague),,,https://www.echo24.cz/,Labeled as liberal-conservative.,,Czechia,
Aktuálně.cz,News,National (Prague),,,https://www.aktualne.cz/,Labeled as centre-left.,,Czechia,
Lidové noviny,News,National (Prague),,,https://www.lidovky.cz/,Labeled as conservative.,,Czechia,
Český rozhlas,News,National (Prague),,,https://portal.rozhlas.cz/,Marked as having good reputation thanks to its objectivity.,,Czechia,
České Noviny,News,National (Prague),,,https://www.ceskenoviny.cz/,,,Czechia,
Neviditelny Pes,News,National,,,https://neviditelnypes.lidovky.cz/,,,Czechia,
The Prague Post,News,National (Prague),,,https://www.praguepost.com/#,,,Czechia,
Neues Deutschland,News,National (Berlin),DE3,,https://www.nd-aktuell.de/,Labeled as left-wing.,,Germany,
Augsburger Allgemeine,News,"Regional (Aichach, Ammersee, Augsburg-Stadt, Dillingen, Donauworth, Friedberg, Illertissen, Krumbach, Landsberg, Mindelheim, Neu-Ulm, Neuburg, Nordlingen, Schwabmunchen, Wertingen)",DE2,,https://www.augsburger-allgemeine.de/,,,Germany,
Saarbrücker Zeitung,News,Regional (Saarland),DEC,,https://www.saarbruecker-zeitung.de/,,,Germany,
Westfalen-Blatt,News,Regional (Bielefeld),DEA,,https://www.westfalen-blatt.de/,,,Germany,
Deutsche Welle,News,National (Bonn),DEA,,https://www.dw.com/en/germany/s-1432,,,Germany,
Stuttgarter Nachrichten,News,Regional (Stuttgart),DE1,,https://www.stuttgarter-nachrichten.de/,,,Germany,
Westfälische Nachrichten,News,Regional (Münster),DEA,,https://www.wn.de/,"Labeled as conservative, it has 15 different local editions.",,Germany,
Die Zeit,News,National (Berlin),DE3,,https://www.zeit.de/index,Labeled as liberal.,,Germany,
Welt am Sonntag,News,National (Berlin),DE3,,https://www.welt.de/,Labeled as conservative.,,Germany,
Tagesschau.de,News,National (Hamburg),DE6,,https://www.tagesschau.de/,,,Germany,
Stuttgarter Zeitung,News,Regional (Stuttgart),DE1,,https://www.stuttgarter-zeitung.de/,Labeled as liberal.,,Germany,
Stern,News,National (Hamburg),DE6,,https://www.stern.de/,,,Germany,
Spiegel Online,News,National (Hamburg),DE6,,https://www.spiegel.de/,Labeled as centre-left.,,Germany,
Frankfurter Rundschau,News,"National (Frankfurt, Wetteraukreis, Main-Kinzig, Hochtaunuskreis, Main-Taunus, Wiesbaden, Mainz, Offenbach, Darmstadt-Dieburg, Groß-Gerau, Darmstadt (independent city), Offenbach (independent city))",DE7; DEB,,https://www.fr.de/,Labeled as centre-left.,,Germany,
Frankfurter Allgemeine Sonntagszeitung,News,National (Frankfurt),DE7,,https://www.faz.net/aktuell/,Labeled as conservative.,,Germany,
Focus,News,National (Munich),DE2,,https://www.focus.de/,Labeled as conservative.,,Germany,
Deutschlandfunk,News,National (Cologne),DEA,,https://www.deutschlandfunk.de/,,,Germany,
Der Freitag,News,National (Berlin),DE3,,https://www.freitag.de/,Labeled as centre-left.,,Germany,
Cicero,News,National (Berlin),DE3,,https://www.cicero.de/,Labeled as conservative. For several years now Cicero has been accused by various parties of having a right-wing bias.,,Germany,
Bild,News,National (Berlin),DE3,Tabloid,https://www.bild.de/,Labeled as conservative. Bild regularly attracts criticism for its crude over-simplification and sensationalism.,,Germany,
Berliner Zeitung,News,Regional (Berlin),DE3,,https://www.berliner-zeitung.de/,Labeled as centre-left.,,Germany,
Berliner Morgenpost,News,Regional (Berlin),DE3,,https://www.morgenpost.de/,Labeled as conservative.,,Germany,
Badische Zeitung,News,"Regional (Freiburg im Breisgau, Region Freiburg, Südlicher Breisgau, Kaiserstuhl/Breisgau West, Emmendingen/Kaiserstuhl, Elztal, Markgräflerland, Hochschwarzwald, Ortenau, Lörrach/Weil am Rhein, Rheinfelden/Wiesental, Bad Säckingen)",DE1,,https://www.badische-zeitung.de/,Christian newspaper. ,,Germany,
Süddeutsche Zeitung,News,National (Munich),DE2,,https://www.sueddeutsche.de/,"Labeled as centre-left, it is behind a paywall.",,Germany,
Der Tagesspiegel,News,Regional (Berlin),DE3,,https://www.tagesspiegel.de/,Labeled as liberal.,,Germany,
Die Tageszeitung,News,National (Berlin),DE3,,https://taz.de/,Labeled as left-wing.,,Germany,
Handelsblatt,News,National (Düsseldorf),DEA,,https://www.handelsblatt.com/,Labeled as liberal.,,Germany,
Deutschlandfunk Kultur,News,National (Berlin),DE3,,https://www.deutschlandfunkkultur.de/,,,Germany,
Aller-Zeitung,News,Regional (Gifhorn),DE9,,https://www.waz-online.de/,,,Germany,
Bayerische Staatszeitung,News,Regional (Bavaria),DE2,,https://www.bayerische-staatszeitung.de/staatszeitung.html#topPosition,,,Germany,
Weser Kurier,News,"Regional (Osterholz, Verden, Diepholz, Delmenhorst, Wesermarsch, Oldenburg, Rotenburg, Cuxhaven, Bremerhaven, Niedersachsen)",DE9; DE5,,https://www.weser-kurier.de/region/,,,Germany,
Hamburger Abendblatt,News,"Regional (Norderstedt, Ahrensburg, Harburg, Pinneberg)",DE6; DE9,,https://www.abendblatt.de/,,,Germany,
Hamburger Morgenpost,News,Regional (Hamburg),DE6,Tabloid,https://www.mopo.de/,,,Germany,
Leipziger Volkszeitung,News,"Regional (Leipzig, Thuringia)",DED; DEG,,https://www.lvz.de/,,,Germany,
Nürnberger Nachrichten,News,"Regional (Mittelfranken, Oberfrankens, Oberpfalz)",DE2,,https://www.nordbayern.de/,,,Germany,
Rhein-Zeitung,News,Regional (Koblenz),DEB,,http://www.rhein-zeitung.de/,,,Germany,
Rheinische Post,News,National (Düsseldorf),DEA,,https://rp-online.de/,,,Germany,
rbb24,News,"Both (Berlin, Brandenburg)",DE3; DE4,,https://www.rbb24.de/,,,Germany,
Tagesspiegel,News,"Regional (Berlin, Pottsdam-Mittelmark, Brandenburg)",DE3; DE4,,https://www.tagesspiegel.de/potsdam/brandenburg/,Wiki: Labeled as liberal and classified as centrist in the context of German politics. ,,Germany,https://en.wikipedia.org/wiki/Der_Tagesspiegel
Kreiszeitung,News,"Regional (Bremen, Verden, Oldenburg, Lower Saxony, Diepholz, Rotenburg, Nienburg, Schleswig-Holstein)",DE5; DE9; DEF,,https://www.kreiszeitung.de/,,,Germany,
t-online,News,"Regional (Berlin, Hamburg, München, Köln, Frankfurt)",DE2; DE3; DE4; DE6; DEA,,https://www.t-online.de/region/,,,Germany,
Wesser Report,News,Regional (Bremen),DE5,,https://weserreport.de/,,,Germany,
NDR,News,"Regional (Lower Saxony, Schleswig-Holstein, Mecklenburg-Vorpommern, Hamburg)",DE6; DE8; DE9; DEF,,https://www.ndr.de/nachrichten/info/index.html,,,Germany,
Nordkurier,News,Regional (Neubrandenburg),DE8,,https://www.nordkurier.de/,,,Germany,
SOL,News,Regional (Saarland),DEC,,https://www.sol.de/,,,Germany,
Sächsische,News,Regional (Dresden),DED,,https://www.saechsische.de/dresden,,,Germany,
MDR,News,"Both (Sachsen-Anhalt, Thüringen)",DEE; DEG,,https://www.mdr.de/nachrichten/index.html,,,Germany,
Mitteldeutsche Zeitung,News,Regional (Sachsen-Anhalt),DEE,,https://www.mz.de/mitteldeutschland/sachsen-anhalt,,,Germany,
Jydske Vestkysten,News,Regional (Esbjerg),DK03,,https://jv.dk/,Labeled as liberal-conservative.,,Denmark,
Kristeligt Dagblad,News,National (Copenhagen),DK01,,https://www.kristeligt-dagblad.dk/,Marked as Christian. Kristeligt Dagblad is widely perceived as a quality paper which dedicates plenty of space to cultural issues as well as analyses and background reports. ,,Denmark,
Weekendavisen,News,National (Copenhagen),DK01,,https://www.weekendavisen.dk/,Labeled as liberal.,,Denmark,
Jyllands-Posten,News,National (Aarhus),DK04,,https://jyllands-posten.dk/,Labeled as liberal-conservative.,,Denmark,
Information,News,National (Copenhagen),DK01,,https://www.eurotopics.net/en/148634/information,Labeled as left-wing.,,Denmark,
Børsen,News,National (Copenhagen),DK01,,https://borsen.dk/,Labeled as liberal.,,Denmark,
Der Nordschleswiger,News,Regional (Aabenraa),DK03,,https://www.nordschleswiger.dk/de,Aimed at the German language minority.,,Denmark,
Berlingske,News,National (Copenhagen),DK01,,https://www.berlingske.dk/,Labeled as liberal-conservative.,,Denmark,
Politiken,News,National (Copenhagen),DK01,,https://politiken.dk/,Labeled as centre-left.,,Denmark,
Århus Stiftstidende,News,Regional (Aarhus),DK04,,https://stiften.dk/,,,Denmark,
Bornholms Tidende,News,Regional (Bornholm),DK01,,https://tidende.dk/,,,Denmark,
The Copenhagen Post,News,National (Copenhagen),DK01,Tabloid,https://cphpost.dk/,,,Denmark,
Ekstra Bladet,News,National (Copenhagen),DK01,Tabloid,https://ekstrabladet.dk/,,,Denmark,
Fyens Stiftstidende,News,Regional (Funen),DK03,,https://fyens.dk/,,,Denmark,
Lolland-Falsters Folketidende,News,Regional (Guldborgsund; Lolland),DK02,,https://folketidende.dk/,,,Denmark,
Nordjyske Stiftstidende,News,Regional (Aalborg),DK05,,https://nordjyske.dk/,,,Denmark,
Sjællandske Nyheder,News,Regional (Sjælland),DK02,,https://www.sn.dk/,,,Denmark,
DR,News,"Both (Bornholm, Fyn, Vestjylland, Nordjylland, Hovedstaden, Sjælland, Trekantområdet, Østjylland)",DK01; DK02; DK03; DK04; DK05 ,,https://www.dr.dk/nyheder/regionale,,,Denmark,
Lääne Elu,News,Regional (Haapsalu),EE0,,https://online.le.ee/,,,Estonia,
Müürileht,News,National (Tallinn),EE0,,https://www.muurileht.ee/,Labeled as centre-left.,,Estonia,
Postimees,News,National (Tallinn),EE0,,https://www.postimees.ee/,Labeled as conservative.,,Estonia,
Õhtuleht,News,National (Tallinn),EE0,,https://www.ohtuleht.ee/,Labeled as liberal.,,Estonia,
Maaleht,News,National (Tallinn),EE0,,https://maaleht.delfi.ee/,Labeled as liberal-conservative.,,Estonia,
Sirp,News,National (Tallinn),EE0,,https://www.sirp.ee/,Labeled as centre-left.  It is financed by the state but is critical of the government.,,Estonia,
Eesti Rahvusringhääling,News,National (Tallinn),EE0,,https://www.err.ee/,"Labeled as liberal. Eesti Rahvusringhääling is under the control of a public body, the broadcast council. It is considered independent but is financed by the state.",,Estonia,
Eesti Ekspress,News,National (Tallinn),EE0,,https://ekspress.delfi.ee/,Labeled as liberal.,,Estonia,
Delfi,News,National (Tallinn),EE0,,https://www.delfi.ee/,"Labeled as liberal. Its content is easily digestible, sensationalist and aimed at getting as many clicks as possible.",,Estonia,
Äripäev,News,National (Tallinn),EE0,,https://www.aripaev.ee/,Labeled as liberal.,,Estonia,
Eesti Päevaleht,News,National (Tallinn),EE0,,https://epl.delfi.ee/,Labeled as centre-left.,,Estonia,
Delovye Vedomosti ,News,National (Tallinn),EE0,,https://www.dv.ee/,Russian language.,,Estonia,
Õpetajate Leht,News,National,EE0,,https://opleht.ee/,,,Estonia,
The Baltic Times,News,International,EE0,,https://www.baltictimes.com/,"Covers the latest political, economic, business, and cultural events in Estonia, Latvia and Lithuania.",,Estonia,
Wõrumaa Teataja,News,Regional (Võru),EE0,,https://vorumaateataja.ee/,,,Estonia,
To Kouti tis Pandoras,News,National (Athens),EL3,,https://www.koutipandoras.gr/,,,Greece,
Alfavita,News,National ,,,https://www.alfavita.gr/ekpaideysi,,,Greece,
Politicus,News,National,,,https://politicus.gr/,,,Greece,
Agonas tis Kritis,News,Regional (Chania),EL4,,https://agonaskritis.gr/,,,Greece,
Slpress,News,National,,,https://slpress.gr/,,,Greece,
Anametrisi,News,National (Athens),EL3,,https://anametrisi.gr/,,,Greece,
20/20,News,National,,,https://www.2020mag.gr/,,,Greece,
Documento,News,National (Athens),EL3,,https://www.documentonews.gr/,,,Greece,
Naftemporiki,News,National (Athens),EL3,,https://www.naftemporiki.gr/,Labeled as conservative.,,Greece,
Parallaxi,News,National (Thessaloniki),EL5,,https://parallaximag.gr/thessaloniki-news,,,Greece,
In.gr,News,National (Athens),EL3,,https://www.in.gr/,,,Greece,
Lifo,News,"Regional (Athens, Thessaloniki)",EL3; EL5,,https://www.lifo.gr/,,,Greece,
HuffPost,News,National (Athens),EL3,,https://www.huffingtonpost.gr/,Labeled as liberal. It's the Greek edition of the American Huffington Post.,,Greece,
Parapolitika,News,National (Athens),EL3,,https://www.parapolitika.gr/,,,Greece,
Athens Voice,News,National (Athens),EL3,,https://www.athensvoice.gr/,Labeled as liberal.,,Greece,
Iefimerida,News,National (Athens),EL3,,https://www.iefimerida.gr/,Labeled as liberal-conservative.,,Greece,
Newpost,News,National (Athens),EL3,,https://newpost.gr/,Labeled as centre-left.,,Greece,
Liberal,News,National,,,https://www.liberal.gr/,,,Greece,
MacroPolis,News,National (Athens),EL3,,https://www.macropolis.gr/,Labeled as liberal. ,,Greece,
Defend Democracy,News,National (Athens),EL3,,http://www.defenddemocracy.press/,Labeled as left-wing.,,Greece,
News247,News,National (Athens),EL3,,https://www.news247.gr/,Labeled as centre-left.,,Greece,
Imerodromos,News,National,,,https://www.eurotopics.net/en/183552/imerodromos,Labeled as left-wing.,,Greece,
Griechenland Zeitung,News,National,,,https://www.griechenland.net/,"German language newspaper, features news stories for German-speaking tourists and for people living in Greece who speak German.",,Greece,
Capital,News,National (Athens),EL3,,https://www.capital.gr/,Labeled as liberal. Capital is a leading news website that has an exclusive collaboration with the US business magazine Forbes and Bloomberg View.,,Greece,
Dromos tis Aristeras,News,National (Athens),EL3,,https://edromos.gr/,Labeled as left-wing.,,Greece,
TVXS,News,National (Athens),EL3,,https://tvxs.gr/,Labeled as centre-left.,,Greece,
To Vima,News,National (Athens),EL3,,https://www.tovima.gr/,Labeled as liberal.,,Greece,
The Press Project,News,National (Athens),EL3,,https://thepressproject.gr/,Labeled as left-wing.,,Greece,
Ta Nea,News,National (Athens),EL3,,https://www.tanea.gr/,Labeled as centre-left.,,Greece,
Proto Thema,News,National (Athens),EL3,,https://www.protothema.gr/,Labeled as liberal. The newspaper was accused of trying to improve the image of the neo-Nazi Golden Dawn party because in recent years it has published several articles that depict the party leadership and members as bourgeois citizens.,,Greece,
Protagon,News,National (Athens),EL3,,https://www.protagon.gr/,Labeled as liberal. ,,Greece,
Left.gr,News,National (Athens),EL3,A mouthpiece of the socialist party Syriza,https://left.gr/,Labeled as left-wing.,,Greece,
Kathimerini,News,National (Athens),EL3,,https://www.kathimerini.gr/,Labeled as liberal-conservative.,,Greece,
Imerisia,News,National (Athens),EL3,,https://www.imerisia.gr/,Labeled as liberal. ,,Greece,
Haniotika Nea,News,Regional (Chania),EL4,,https://www.haniotika-nea.gr/,Labeled as liberal.,,Greece,
Ethnos,News,National (Athens),EL3,Tabloid,https://www.ethnos.gr/,Labeled as centre-left.,,Greece,
Eleftheros Typos,News,National (Athens),EL3,Closely aligned with the conservative Nea Demokratia party.,https://eleftherostypos.gr/,Labeled as liberal-conservative.,,Greece,
Avgi,News,National (Athens),EL3,A mouthpiece for the socialist party Syriza.,https://www.avgi.gr/,Labeled as left-wing.,,Greece,
Efimerida ton Syntakton,News,National (Athens),EL3,,https://www.efsyn.gr/,Labeled as centre-left.,,Greece,
Dimokratia,News,National (Athens),EL3,Represents strictly conservative and patriotic views.,https://www.dimokratia.gr/,Labeled as conservative.,,Greece,
Infowar,News,National (Athens),EL3,,https://info-war.gr/,Labeled as left-wing.,,Greece,
Athens-Macedonian News Agency,News,International (Athens),EL3,,https://www.amna.gr/,,,Greece,
e-Thessalia,News,Regional (Thessaly),EL6,,https://e-thessalia.gr/,,,Greece,
Corfu News,News,Regional (Corfu),EL6,,https://corfutvnews.gr/,,,Greece,
Peloponnese,News,Regional (Peloponnese),EL6,,https://pelop.gr/,,,Greece,
El Periódico de España,News,Regional (Madrid),ES3,,https://www.epe.es/es/,,,Spain,
El Nacional,News,Regional (Barcelona),ES5,"From their website: ""ElNacional.cat is committed solely to providing unbiased reporting and objective information for its readers.""",https://www.elnacional.cat/,Labeled as separatist. ,,Spain,
El Español,News,National (Madrid),ES3,,https://www.elespanol.com/,Labeled as conservative.,,Spain,
infoLibre,News,National (Madrid),ES3,,https://www.infolibre.es/,Wiki: Has a left-wing editorial line.,,Spain,https://es.wikipedia.org/wiki/Infolibre
Mallorca Zeitung,News,Regional (Mallorca),ES5,,https://www.mallorcazeitung.es/,German language newspaper. ,,Spain,
El Diario de Sevilla,News,Regional (Sevilla),ES6,,https://www.diariodesevilla.es/,,,Spain,
Ara,News,Regional (Barcelona),ES5,,https://www.ara.cat/,Wiki: Labels it as centrist. Editorial policies are not considered to be supportive of any particular party or specific political ideology. The paper is strongly Catalanist and supportive of their right to self-determination.,,Spain,https://en.wikipedia.org/wiki/Ara_(newspaper)
El Confidencial,News,National (Madrid),ES3,,https://www.elconfidencial.com/,Labeled as liberal-conservative.,,Spain,
Público,News,National (Madrid),ES3,,https://www.publico.es/,Labeled as left-wing.,,Spain,
La Vanguardia,News,National (Barcelona),ES5,,https://www.lavanguardia.com/,Labeled as liberal-conservative.,,Spain,
La Razón,News,National (Madrid),ES3,"Has close ties to the Catholic Church, supports a centralised state and defends the monarchy's image.",https://www.larazon.es/,Labeled as conservative.,,Spain,
La Marea,News,"National (Madrid, Barcelona)",ES3; ES5,,https://www.lamarea.com/,Labeled as left-wing.,,Spain,
El Punt Avui,News,Regional (Girona),ES5,Its stance is more left-wing and decidedly separatist.,https://www.elpuntavui.cat/barcelona.html,Labeled as left-wing.,,Spain,
Expansión,News,National (Madrid),ES3,,https://www.expansion.com/,Labeled as conservative.,,Spain,
El HuffPost,News,National (Madrid),ES3,,http://www.huffingtonpost.es/,Labeled as centre-left.,,Spain,
El Economista ,News,National (Madrid),ES3,,https://www.eleconomista.es/,Labeled as liberal-conservative.,,Spain,
El Diario,News,National (Madrid),ES3,,https://www.eldiario.es/,Labeled as left-wing.,,Spain,
El Correo,News,Regional (Bilbao),ES2,,https://www.elcorreo.com/,Labeled as conservative. ,,Spain,
Cinco Días,News,National (Madrid),ES3,"Since 1989 it has belonged to the media group Prisa (El País, As), which traditionally has had a socialist bent.",https://cincodias.elpais.com/,Labeled as centre-left.,,Spain,
20 minutos,News,National (Madrid),ES3,,https://www.20minutos.es/,Labeled as liberal.,,Spain,
El País,News,National (Madrid),ES3,It takes a sceptical to hostile view of the left-wing party Podemos and the separatist movement in Catalonia.,https://elpais.com/?ed=es,Labeled as centre-left.,,Spain,
El Mundo,News,National (Madrid),ES3,"It differs from its competitor, the traditional newspaper ABC, in that it provides more critical, frequently polemic commentary, and as a result it has frequently been accused of partisan journalism.",https://www.elmundo.es/,Labeled as conservative.,,Spain,
ABC,News,National (Madrid),ES3,It condemns the autonomous regions' push for independence in its commentaries,https://www.abc.es/,Labeled as conservative.,,Spain,
El Periódico de Catalunya,News,National (Barcelona),ES5,,https://www.elperiodico.com/es/,Labeled as centre-left.,,Spain,
Revista Contexto (CTXT),News,National (Madrid),ES3,The honorary president is the left-wing intellectual Noam Chomsky.,https://ctxt.es/,Labeled as centre-left.,,Spain,
Agencia EFE,News,International (Madrid),,International news agency in English language.,https://efe.com/en/,,,Spain,
Costa Blanca News,News,Regional (Alicante),ES5,English language.,https://www.costa-news.com/,,,Spain,
El Día,News,Regional (Canary Islands),ES7,,https://www.eldia.es/,Wiki: Political Alignment - Canarian nationalism.,,Spain,
Faro de Vigo ,News,Regional (Pontevedra),ES1,,https://www.farodevigo.es/,Wiki: Political Alignment - Centrist.,,Spain,https://en.wikipedia.org/wiki/Faro_de_Vigo
Heraldo de Aragón,News,Regional (Saragossa),ES2,,https://www.heraldo.es/,Wiki: Political Alignment - Conservative.,,Spain,https://en.wikipedia.org/wiki/Heraldo_de_Arag%C3%B3n#cite_note-mgp15-5
Ideal,News,"Regional (Granada, Almeria, Jaén)",ES6,,https://www.ideal.es/,,,Spain,
Informacion de Alicante,News,Regional (Alicante),ES5,,https://www.informacion.es/,,,Spain,
El Norte de Castilla,News,"Regional (Valladolid, Palencia, Salamanca, Segovia) ",ES4,Wiki: Considered to be the most reliable and influential periodical in Castile.,https://www.elnortedecastilla.es/,,,Spain,https://en.wikipedia.org/wiki/El_Norte_de_Castilla
El Progreso,News,Regional (Galicia),ES1,,https://www.elprogreso.es/,,,Spain,
SUR,News,Regional (Málaga),ES6,,https://www.diariosur.es/,,,Spain,
SUR in English,News,Regional (Sur),ES6,English language.,https://www.surinenglish.com/,,,Spain,
La Voz de Galicia,News,Regional (Galicia),ES1,,https://www.lavozdegalicia.es/,Wiki: Political Alignment - Conservatism.,,Spain,https://en.wikipedia.org/wiki/La_Voz_de_Galicia
El Periódico Extremadura,News,Regional (Cáceres),ES4,,https://www.elperiodicoextremadura.com/,,,Spain,
Canarias7,News,Regional (Canary Islands),ES7,,https://www.canarias7.es/,,,Spain,
Etelä-Suomen Sanoma,News,Regional (Lahti),FI1C,,https://www.ess.fi/,Labeled as liberal.,,Finland,
Yle,News,National (Helsinki),FI1B,,https://yle.fi/,Swedish language news service of the Finnish national broadcaster.,,Finland,
Ilkka,News,Regional (Seinäjoki),FI1,,https://ilkkapohjalainen.fi/,Labeled as liberal.,,Finland,
Etelä-Saimaa,News,Regional (Lappeenranta),FI1C,,https://www.esaimaa.fi/,Labeled as liberal.,,Finland,
Turun Sanomat,News,Regional (Turku),FI1C,Tabloid,https://www.ts.fi/,Labeled as liberal.,,Finland,
Suomenmaa,News,National (Oulu),FI1D,The newspaper of the liberal Centre Party.,https://www.suomenmaa.fi/,Labeled as liberal-conservative.,,Finland,
Suomen Kuvalehti,News,National (Helsinki),FI1B,,https://suomenkuvalehti.fi/,Labeled as liberal.,,Finland,
Savon Sanomat,News,Regional (Kuopio),FI1D,,https://www.savonsanomat.fi/,Labeled as liberal.,,Finland,
Maaseudun Tulevaisuus,News,National (Helsinki),FI1B,,https://www.maaseuduntulevaisuus.fi/,Labeled as liberal-conservative.,,Finland,
Lapin Kansa,News,Regional (Rovaniemi),,Tabloid,https://www.lapinkansa.fi/,Labeled as liberal.,,Finland,
Keskisuomalainen,News,Regional (Jyväskylä),FI1D,,https://www.ksml.fi/,Labeled as liberal-conservative.,,Finland,
Karjalainen,News,Regional (Joensuu),FI1D,,https://www.karjalainen.fi/,Labeled as liberal.,,Finland,
Kansan Uutiset,News,National (Helsinki),FI1B,Left Alliance's official organ.,https://www.ku.fi/,Labeled as left-wing.,,Finland,
Kaleva,News,Regional (Oulu),FI1D,,https://www.kaleva.fi/,Labeled as liberal.,,Finland,
Kainuun Sanomat,News,Regional (Kajaani),FI1D,,https://www.kainuunsanomat.fi/,Labeled as liberal.,,Finland,
Satakunnan Kansa,News,Regional (Pori),FI19,,https://www.satakunnankansa.fi/,Labeled as liberal.,,Finland,
Iltalehti,News,National (Helsinki),FI1B,Tabloid,https://www.iltalehti.fi/,Labeled as liberal.,,Finland,
Hufvudstadsbladet,News,Regional (Helsinki),FI1B,Tabloid. A mouthpiece for the country's Swedish-speaking minority.,https://www.hbl.fi/,Labeled as liberal.,,Finland,
Helsingin Sanomat,News,National (Helsinki),FI1B,,https://www.hs.fi/,Labeled as liberal.,,Finland,
Hämeen Sanomat,News,Regional (Hämeenlinna),FI1C,,https://www.hameensanomat.fi/,Labeled as liberal.,,Finland,
Demokraatti,News,National (Helsinki),FI1B,Social Democrats' party newspaper.,https://www.demokraatti.fi/,Labeled as centre-left.,,Finland,
Ilta-Sanomat,News,National (Helsinki),FI1B,Tabloid,https://www.is.fi/,Labeled as liberal.,,Finland,
Aamulehti,News,Regional (Tampere),FI19,Tabloid,https://www.aamulehti.fi/,Labeled as liberal-conservative.,,Finland,
Kauppalehti,News,National (Helsinki),FI1B,,https://www.kauppalehti.fi/,Labeled as liberal.,,Finland,
Pohjalainen,News,Regional (Vaasa),FI19,,https://ilkkapohjalainen.fi/,Labeled as liberal.,,Finland,
Länsi-Savo,News,Regional (Mikkeli),FI1D,,https://www.lansi-savo.fi/,,,Finland,
The Conversation,News,National (Paris),FR1,,https://theconversation.com/fr,,,France,
Valeurs actuelles,News,National (Paris),FR1,"Classified as staunchly right-wing. In 2015 it was convicted of inciting discrimination, hatred, and violence against the Roma.",https://www.valeursactuelles.com/,Labeled as right-wing.,,France,
RTL ,News,National (Neuilly sur Seine),FR1,,https://www.rtl.fr/,,,France,
La Croix,News,National (Paris),FR1,Catholic newspaper,https://www.la-croix.com/,Religious and social issues are prioritised but La Croix is also known for its quality political reporting.,,France,
Atlantico,News,National (Paris),FR1,,https://atlantico.fr/,Labeled as conservative.,,France,
Le HuffPost,News,National (Paris),FR1,,https://www.huffingtonpost.fr/,Labeled as centre-left.,,France,
Le Drenche,News,National (Paris),FR1,"Its name stands for the wide spectrum of opinions presented: DRoite (right), CENTER (centre), GAUCHE (left).",https://ledrenche.fr/,,,France,
Le Parisien,News,National (Paris),FR1,It has come under frequent criticisism for publishing content influenced by LVMH boss Bernard Arnault.,https://www.leparisien.fr/,,,France,
Causeur,News,National (Paris),FR1,,https://www.causeur.fr/,Labeled as conservative.,,France,
Politis,News,National (Paris),FR1,,https://www.politis.fr/,Labeled as left-wing.,,France,
Rue89,News,National (Paris),FR1,,https://www.nouvelobs.com/rue89/,Labeled as centre-left.,,France,
Sud Ouest,News,Regional (Bordeaux),FRI,,https://www.sudouest.fr/,,,France,
Slate,News,National (Paris),FR1,,https://www.slate.fr/,Labeled as liberal-conservative.,,France,
Ouest-France,News,"Regional (Île de France, Bretagne, Normandie, Pays de la Loire, Auvergne-Rhone-Alpes, Bourgogne-Franche-Comte, Centre-Val de Loire, Corse, Grand Est, Hauts-de-France, Nouvelle Aquitaine, Occitanie, Provence-Alpes-Côte d’Azur, La Guadeloupe, La Guyane, La Martinique, La Reunion, Mayotte)",FR1; FRH; FRD; FRG; FRK; FRC; FRB; FRM; FRF; FRE; FRI; FRJ; FRL; FRY; ,,https://www.ouest-france.fr/,Labeled as liberal.,,France,
Mediapart,News,National (Paris),FR1,,https://www.mediapart.fr/,Labeled as left-wing.,,France,
Marianne,News,National (Paris),FR1,Its stance is provocative and critical of the government.,https://www.marianne.net/,Labeled as left-wing.,,France,
L'Obs,News,National (Paris),FR1,,https://www.nouvelobs.com/,Labeled as left-wing.,,France,
L’Humanité,News,National (Paris),FR1,"Between 1920 and 1994 the paper was the organ of the French Communist Party, which is still the majority shareholder today.",https://www.humanite.fr/,Labeled as far left.,,France,
L'Express,News,National (Paris),FR1,,https://www.lexpress.fr/,Labeled as liberal-conservative.,,France,
Les Echos,News,National (Paris),FR1,,https://www.lesechos.fr/,Labeled as liberal.,,France,
Le Point,News,National (Paris),FR1,,https://www.lepoint.fr/,Labeled as liberal-conservative.,,France,
Le Monde Diplomatique,News,National (Paris),FR1,,https://www.monde-diplomatique.fr/,Labeled as left-wing.,,France,
Le Monde,News,National (Paris),FR1,,https://www.lemonde.fr/,Labeled as centre-left.,,France,
Le Journal du Dimanche,News,National (Paris),FR1,,https://www.lejdd.fr/,Labeled as right-wing.,,France,
La Tribune,News,National (Paris),FR1,,https://www.latribune.fr/,Labeled as liberal.,,France,
La Provence,News,Regional (Marseille),FRL,,https://www.laprovence.com/,Labeled as conservative.,,France,
Les Dernières Nouvelles d'Alsace,News,Regional (Strasbourg),FRF,,https://www.dna.fr/,,,France,
Courrier International,News,National (Paris),FR1,,https://www.courrierinternational.com/,Labeled as liberal.,,France,
Contrepoints,News,National (Paris),FR1,,https://www.contrepoints.org/,Labeled as liberal.,,France,
Boulevard Voltaire,News,National (Paris),FR1,Ménard's close ties to the Rassemblement National and the fact that he became Mayor of Béziers with its help in 2014 mean that the magazine's autonomy is often called into question.,https://www.bvoltaire.fr/,Labeled as right-wing.,,France,
Alternatives économiques,News,National (Paris),FR1,,https://www.alternatives-economiques.fr/,Labeled as left-wing.,,France,
L'Opinion,News,National (Paris),FR1,,https://www.lopinion.fr/,Labeled as liberal.,,France,
Libération,News,National (Paris),FR1,,https://www.liberation.fr/,Labeled as centre-left.,,France,
Le Figaro,News,National (Paris),FR1,Considered France's most important conservative paper.,https://www.lefigaro.fr/,Labeled as liberal-conservative.,,France,
20 minutes,News,"Regional (Paris, Marseille, Lyon, Toulouse, Nice, Nantes, Strasbourg, Montpellier, Bordeaux, Lille, Rennes, Grenoble)",FR1; FRL; FRJ; FRG; FRF; FRI; FRE; FRH; FRK,,https://www.20minutes.fr/,,,France,
L'Alsace,News,Regional (Alsace),FRF,,https://www.lalsace.fr/,,,France,
La Dépêche du Midi,News,Regional (Occitanie),FRJ,,https://www.ladepeche.fr/,,,France,
L'Est Républicain,News,Regional (Nancy),FRF,,https://www.estrepublicain.fr/,,,France,
France 24,News,International,,,https://www.france24.com/en/,,,France,
Lyon Capitale,News,Regional (Lyon),FRK,,https://www.lyoncapitale.fr/,,,France,
Midi Libre,News,Regional (Montpellier),FRJ,,https://www.midilibre.fr/,,,France,
Nici-Matin,News,Regional (Nice),FRL,,https://www.nicematin.com/,,,France,
L'Obs,News,Regional (Paris),FR1,,https://www.nouvelobs.com/,,,France,
La Provence,News,Regional (Marseille),FRL,,https://www.laprovence.com/,,,France,
France Bleu,News,"Regional (Auvergne-Rhône-Alpes, Bourgogne-Franche-Comte, Bretagne, Centre-Val de Loire, Corse, Grand Est, Hauts-de-France, Ile-de-France, Normandie, Nouvelle-Aquitaine, Occitanie, Pays de la Loire, Provence-Alpes-Cote d'Azur)",FRK; FRC; FRH; FRB; FRM; FRF; FRE; FR1; FRD; FRI; FRJ; FRG; FRL,,https://www.francebleu.fr/,,,France,
Telegram,News,National (Zagreb),HR05,Its reporting has quickly established itself as a site critical of the government alongside investigative journalism,https://www.telegram.hr/,Labeled as liberal.,,Croatia,
Index,News,National (Zagreb),HR05,,https://www.index.hr/,Labeled as centre-left.,,Croatia,
Tportal,News,National (Zagreb),HR05,"The website is seen as largely independent of the political parties however its content tends to reflect the political views of its owner, Hrvatski Telekom.",https://www.tportal.hr/,Labeled as liberal.,,Croatia,
Slobodna Dalmacija,News,National (Split),HR03,,https://slobodnadalmacija.hr/,Labeled as liberal.,,Croatia,
Novosti,News,National (Zagreb),HR05,,https://www.portalnovosti.com/,Labeled as left-wing.,,Croatia,
Novi list,News,National (Rijeka),HR03,,https://www.novilist.hr/,Labeled as centre-left.,,Croatia,
Globus,News,National (Zagreb),HR05,,https://www.jutarnji.hr/globus/,Labeled as liberal.,,Croatia,
Express,News,National (Zagreb),HR05,,https://express.24sata.hr/,Labeled as liberal-conservative.,,Croatia,
24 Sata,News,National (Zagreb),HR05,Tabloid; Consistent sensationalism and conservativism,https://www.24sata.hr/,Labeled as conservative.,,Croatia,
Jutarnji list,News,National (Zagreb),HR05,,https://www.jutarnji.hr/,Labeled as liberal.,,Croatia,
Večernji list ,News,National (Zagreb),HR05,"With its takeover by Austria's Styria Media Group AG the newspaper's national conservative orientation was reinforced, and its commentaries now provide space for political views that range from liberal-conservative to protofascist. Večernji list is closely aligned with the national conservative HDZ party.",https://www.vecernji.hr/,Labeled as conservative.,,Croatia,
Glas Slavonije,News,Regional (Osijek),HR02,,http://www.glas-slavonije.hr/default.asp,,,Croatia,
Hina News Line,News,National,,,https://www.hina.hr/,,,Croatia,
Nacional,News,National (Zagreb),HR05,,https://www.nacional.hr/,,,Croatia,
Poslovni dnevnik,News,National (Zagreb),HR05,,https://www.poslovni.hr/,,,Croatia,
Sjeverni,News,Regional (Northern Croatia),HR06,,https://www.sjeverni.info/,,,Croatia,
Sjever,News,"Regional (Northern Croatia, Pannonian Croatia)",HR02; HR06,,https://sjever.hr/,,,Croatia,
Euronews Hungary,News,International,,,https://www.eurotopics.net/en/282566/euronews-hungary,,,Hungary,
Hírklikk,News,National,,"Owner and editor-in-chief, media entrepreneur Zoltán Wirth, has close ties to the Hungarian social democratic party MSZP.",https://hirklikk.hu/,Labeled as centre-left.,,Hungary,
Telex,News,National,,,https://telex.hu/,,,Hungary,
Portfolio,News,National,,,https://www.portfolio.hu/,,,Hungary,
Nyugati Fény,News,National,,Nyugati Fény is seen as a medium with close ties to the left-wing liberal opposition party Democratic Coalition (DK).,https://nyugatifeny.hu/,Labeled as being critical of the government.,,Hungary,
Vasarnap,News,National (Budapest),HU1,"Published by the foundation of the smaller government party, the Christian Democratic Party Kereszténydemokrata Néppárt (KDNP)",https://vasarnap.hu/,,,Hungary,
Azonnali,News,National (Budapest),HU1,The majority in the publishing house is now held by parliamentarian Péter Ungár of the Hungarian Green Party (LMP).,https://azonnali.hu/,,,Hungary,
Válasz Online,News,National (Budapest),HU1,It is critical of the government and defines itself as middle-class-conservative.,https://www.valaszonline.hu/,Labeled as conservative.,,Hungary,
Magyar Hang,News,National (Budapest),HU1,,https://hang.hu/,Labeled as liberal-conservative.,,Hungary,
Origo,News,National (Budapest),HU1,The publishing house has belonged to the pro-government media foundation Közép-Európai Sajtó-és Média Alapítvány (KESMA) since 2018.,https://www.origo.hu/index.html,Pro-government,,Hungary,
888,News,National (Budapest),HU1,"A pro-government website operating under the motto, ""We are Soros's opposition"".",https://www.origo.hu/888/index.html,Pro-government,,Hungary,
168 óra,News,National (Budapest),HU1,"Nowadays 168 óra is an opposition paper which mainly features interviews with politicians, economists, political analysts, centre-left intellectuals and artists.",https://168.hu/,Labeled as centre-left.,,Hungary,
24,News,National (Budapest),HU1,,https://24.hu/,Labeled as being critical of the government.,,Hungary,
Reflektor,News,National (Budapest),HU1,,,,,Hungary,
Magyar Nemzet,News,National (Budapest),HU1,Pro-government,https://magyarnemzet.hu/,,,Hungary,
Szuverén,News,National (Budapest),HU1,,https://szuveren.hu/,Labeled as liberal.,,Hungary,
Mérce ,News,National (Budapest),HU1,,https://merce.hu/,Labeled as left-wing.,,Hungary,
444,News,National (Budapest),HU1,An anti-government website,https://444.hu/,Labeled as being critical of the government.,,Hungary,
Magyar Narancs,News,National (Budapest),HU1,,https://magyarnarancs.hu/,Labeled as centre-left.,,Hungary,
Magyar Hírlap,News,National (Budapest),HU1,"Pro-government, anti-globalist and patriotic. Seen as the sometimes radical mouthpiece of the national conservative ruling party Fidesz.",https://www.magyarhirlap.hu/,Labeled as nationalistic.,,Hungary,
Index,News,National (Budapest),HU1,"It is seen as one of the country's few remaining independent journalistic heavyweights. In March 2020 some stakes were sold to the pro-government media entrepreneur Miklós Vaszily, who is also chairman of the pro-government private television broadcaster TV2. ",https://index.hu/,,,Hungary,
HVG,News,National (Budapest),HU1,An opposition weekly paper,https://hvg.hu/,Labeled as centre-left.,,Hungary,
Figyelő,News,National (Budapest),HU1,,https://www.eurotopics.net/en/148540/figyel,Labeled as being pro-government.,,Hungary,
Élet és Irodalom,News,National (Budapest),HU1,,https://www.es.hu/,Labeled as centre-left.,,Hungary,
Népszava,News,National (Budapest),HU1,The last remaining daily newspaper in Hungary that is independent of the government.,https://nepszava.hu/,Labeled as left-wing.,,Hungary,
Magyar Demokrata,News,National (Budapest),HU1,Far-right national conservative weekly that is loyal to Viktor Orbán's government.,https://demokrata.hu/,Labeled as nationalistic.,,Hungary,
Kisalföld,News,Regional (Győr),HU2,"Publishing house belongs to Mediaworks Zrt., that has close ties to the government and has belonged to the pro-government KESMA media foundation since the end of 2018",https://www.kisalfold.hu/,Labeled as pro-government.,,Hungary,
Magyar Idők,News,National (Budapest),HU1,,https://www.magyaridok.hu/,Labeled as pro-government.,,Hungary,
Budapest Business Journal,News,National (Budapest),HU1,,https://bbj.hu/politics,,,Hungary,
Dunaújváros,News,Regional (Dunaújváros),HU2,,https://dunaujvaros.com/,,,Hungary,
Népszava,News,National (Budapest),HU1,,https://nepszava.hu/,,,Hungary,
Jelen,News,National (Budapest),HU1,,https://jelen.media/,,,Hungary,
Boon,News,Regional (Borsod-Abaúj-Zemplén),HU3,,https://www.boon.hu/,,,Hungary,
Dél-Alföld Info,News,Regional (Dél-Alföld),HU3,,https://delalfoldinfo.hu/,,,Hungary,
Fora,News,National (Dublin),IE06,,https://fora.ie/,Labeled as liberal.,,Ireland,
The Sunday Times Ireland,News,National (Dublin),IE06,,https://www.thetimes.co.uk/#section-ireland,Labeled as conservative.,,Ireland,
The Journal,News,National (Dublin),IE06,,https://www.thejournal.ie/,Labeled as liberal.,,Ireland,
Business Post,News,National (Dublin),IE06,,https://www.businesspost.ie/,Labeled as liberal.,,Ireland,
RTE News,News,National (Dublin),IE06,It's legally constrained to political impartiality (semi-state owned),https://www.rte.ie/news/,,,Ireland,
The Irish Times,News,National (Dublin),IE06,,https://www.irishtimes.com/,Labeled as centre-left.,,Ireland,
Irish Independent,News,National (Dublin),IE06,,https://www.independent.ie/,Labeled as conservative.,,Ireland,
Irish Examiner,News,National (Cork),IE05,,https://www.irishexaminer.com/,Labeled as liberal.,,Ireland,
Nenagh Guardian,News,Regional (County Tipperary),IE05,,https://www.nenaghguardian.ie/,,,Ireland,
The Irish News,News,Regional (Northern Ireland),IE04,,https://www.irishnews.com/,Wiki: Labeled as centre-left.,,Ireland,https://en.wikipedia.org/wiki/The_Irish_News
Galway Daily,News,Regional (Galway),IE04,,https://www.galwaydaily.com/,,,Ireland,
Corriere della Sera,News,"Both (Milano, Roma, Bergamo, Bologna, Veneto, Padova, Treviso, Verona, Napoli, Palermo, Caserta, Catania, Vivimilano, Torino, Brescia, Firenze, Venezia, Rovigo, Belluno, Vicenza, Bari, Salerno, Foggia, Lecce)",ITC; ITI; ITH; ITF; ITG,It is itself influenced by large corporations,https://www.corriere.it/,Labeled as liberal-conservative.,,Italy,
La Repubblica,News,National (Rome),ITI,Closely aligned with the reformist wing of the ruling centre-left coalition,https://www.repubblica.it/,Labeled as centre-left.,,Italy,
MicroMega,News,National,," Originally provided with the subtitle ""Leftist Reasoning"", the magazine has abandoned this subtitle and instead assigned a thematic subtitle to each issue. In doing so, it aims to underline its affiliation to ""a left that is openly heretical and radically free from party affiliation"" and to be a ""tool for thinking and change against the prevailing conformisms"".",https://www.micromega.net/,,,Italy,
Il Post,News,National (Milan),ITC,,https://www.ilpost.it/,Labeled as left-wing.,,Italy,
L'Espresso,News,National (Rome),ITI,,https://espresso.repubblica.it/,Labeled as centre-left.,,Italy,
La Voce,News,National,,https://lavoce.info/,,Labeled as liberal.,,Italy,
Panorama,News,National (Segrate),ITC,Belongs to the media empire of four-time Italian prime minister Silvio Berlusconi.,https://www.panorama.it/,Labeled as right-wing.,,Italy,
Il Sole 24 Ore,News,National (Milan),ITC,,https://www.ilsole24ore.com/,Labeled as liberal.,,Italy,
Il Giornale,News,National (Milan),ITC,Owing to financial difficulties founder Indro Montanelli accepted financial aid from Silvio Berlusconi in 1977. Nowadays the paper is better known for its sensationalism.,https://www.ilgiornale.it/,Labeled as right-wing.,,Italy,
Il Foglio Quotidiano,News,National (Milan),,"Founded by Giuliano Ferrara, who was a minister in Silvio Berlusconi's first government in 1994.",https://www.ilfoglio.it/,Labeled as conservative.,,Italy,
Il Fatto Quotidiano,News,National (Rome),ITI,,https://www.ilfattoquotidiano.it/,Labeled as left-wing.,,Italy,
HuffPost Italia,News,National (Rome),ITI,,https://www.huffingtonpost.it/,Labeled as centre-left.,,Italy,
Il Manifesto,News,National (Rome),ITI,,https://ilmanifesto.it/,Labeled as left-wing.,,Italy,
La Stampa,News,National (Turin),ITC,,https://www.lastampa.it/,,,Italy,
Alguer,News,Regional (Alguer),ITG,,https://www.alguer.it/,,,Italy,
Alto Adige ,News,Regional (Bolzano),ITH,,https://www.altoadige.it/,,,Italy,
Giornale di Sicilia,News,Regional (Sicily),ITG,,https://gds.it/,,,Italy,
Il Mattino,News,Regional (Naples),ITF,,https://www.ilmattino.it/,,,Italy,
Il Messaggero,News,Regional (Rome),ITI,,https://www.ilmessaggero.it/,,,Italy,
La Nuova Ferrara,News,Regional (Ferrara),ITH,,https://www.lanuovaferrara.it/,,,Italy,
La Nuova Sardegna,News,Regional (Sassari),ITG,,https://www.lanuovasardegna.it/,,,Italy,
La Nuova Venezia,News,Regional (Venice),ITH,,https://nuovavenezia.gelocal.it/venezia/,,,Italy,
Gazzetta di Modena,News,Regional (Modena),ITH,,https://www.gazzettadimodena.it/,,,Italy,
Il Piccolo,News,Regional (Trieste),ITH,,https://ilpiccolo.gelocal.it/trieste/,,,Italy,
La Sicilia,News,Regional (Sicily),ITG,,https://www.lasicilia.it/,,,Italy,
La Tribuna di Treviso,News,Regional (Treviso),ITH,,https://tribunatreviso.gelocal.it/treviso/,,,Italy,
L'Unione Sarda,News,Regional (Sardinia),ITG,,https://www.unionesarda.it/,,,Italy,
LaC News24,News,Regional (Calabria),ITF,,https://www.lacnews24.it/,,,Italy,
IQ,News,National (Vilnius),LT01,,https://iq.lt/,,,Lithuania,
Baltic News Service,News,National (Vilnius),LT01,,https://www.bns.lt/,,,Lithuania,
TV3,News,National (Vilnius),LT01,,https://www.tv3.lt/,Labeled as centre-left.,,Lithuania,
15min ,News,National (Vilnius),LT01,,https://www.15min.lt/,Labeled as liberal.,,Lithuania,
Diena,News,National (Vilnius),LT01,,https://www.diena.lt/,Labeled as liberal.,,Lithuania,
Verslo žinios,News,National (Vilnius),LT01,,https://www.vz.lt/,Labeled as liberal.,,Lithuania,
Valstybė,News,National (Vilnius),LT01,,https://www.valstybe.eu/,Labeled as liberal-conservative.,,Lithuania,
Mūsų Respublika,News,National (Vilnius),LT01,The paper and its owner Vitas Tomkus have been accused of being too close to certain political parties and companies. Under Tomkus's leadership the paper has adopted a eurosceptic and nationalist stance.,https://www.respublika.lt/,Labeled as nationalist.,,Lithuania,
Lrytas,News,National (Vilnius),LT01,,https://www.lrytas.lt/,Labeled as liberal.,,Lithuania,
Vakaro žinios,News,National (Vilnius),LT01,"Tabloid; Has a eurosceptic and nationalist stance, and it is also accused of being too close to certain political parties and companies.",https://www.respublika.lt/,Labeled as nationalist.,,Lithuania,
Delfi,News,National (Vilnius),LT01,,https://www.delfi.lt/,Labeled as liberal.,,Lithuania,
Bernardinai,News,National (Vilnius),LT01,Conservative Catholic website.,https://www.bernardinai.lt/,,,Lithuania,
Alfa,News,National (Vilnius),LT01,,https://www.alfa.lt/,Labeled as conservative.,,Lithuania,
LRT,News,National (Vilnius),LT01,,https://www.lrt.lt/,Labeled as liberal-conservative.,,Lithuania,
Balsas,News,National (Vilnius),LT01,,https://www.tv3.lt/,Labeled as centre-left.,,Lithuania,
Kauno diena,News,Regional (Kaunas),LT02,,https://kauno.diena.lt/,Labeled as liberal.,,Lithuania,
The Baltic Times,News,International,,,https://www.baltictimes.com/,,,Lithuania,
Šiaulių Kraštas,News,Regional (Šiauliai),LT02,,https://www.skrastas.lt/,,,Lithuania,
Ukmerges Zinios,News,Regional (Ukmergė),LT01,,https://www.ukzinios.lt/,,,Lithuania,
Tageblatt,News,National (Esch-sur-Alzette),LU00,,https://www.tageblatt.lu/,Labeled as liberal.,,Luxembourg,
Woxx,News,National (Luxembourg),LU00,,https://www.woxx.lu/,Labeled as left-wing.,,Luxembourg,
Luxemburger Wort,News,National (Luxembourg),LU00,"The paper is published by the Saint-Paul Luxembourg SA group, which is majority owned by the archdiocese of Luxembourg.",https://www.wort.lu/de,Catholic,,Luxembourg,
Le Quotidien,News,National (Esch-sur-Alzette),LU00,,https://lequotidien.lu/,Labeled as centre-left.,,Luxembourg,
RTL,News,National ,LU00,,https://today.rtl.lu/news/luxembourg,,,Luxembourg,
Satori,News,National (Riga),LV00,,https://satori.lv/,Labeled as liberal.,,Latvia,
Vesti,News,National (Riga),LV00,"It is closely aligned with the Saskaņa party (Harmony), which is loyal to Moscow. On both domestic and foreign policy Vesti backs the official Russian position vis-à-vis the Baltic states.",https://bb.lv/,,,Latvia,
Tvnet,News,National (Riga),LV00,,https://www.tvnet.lv/,Labeled as liberal.,,Latvia,
Rīgas Laiks,News,National (Riga),LV00,,https://www.rigaslaiks.lv/,Labeled as centre-left.,,Latvia,
Neatkarīgā,News,National (Riga),LV00,"Since 1999 the paper has belonged to the Latvian oligarch Aivars Lembergs, mayor of Ventspils since 1988, who has been accused of using the paper to pursue his own social and political objectives.",https://nra.lv/,Labeled as nationalistic. ,,Latvia,
MK Latvija,News,National (Riga),LV00,"It is published in Russian and for this reason particularly popular among the country's Russian-speaking population. It is Latvia's most widely read weekly, and is closely aligned with the Saskaņa party (Harmony), which is loyal to Moscow. The paper's editorial content is partially produced in Russia and therefore monitored by the Russian state.",https://www.mklat.lv/,,,Latvia,
Latvijas Avīze,News,National (Riga),LV00,Latvijas avīze's stance is decidedly national conservative,https://www.la.lv/,Labeled as conservative.,,Latvia,
Ir,News,National (Riga),LV00,,https://ir.lv/,Labeled as liberal.,,Latvia,
LSM,News,National (Riga),LV00,,https://www.lsm.lv/,Labeled as liberal.,,Latvia,
Dienas Bizness,News,National (Riga),LV00,,https://www.db.lv/,Labeled as liberal.,,Latvia,
Delfi,News,National (Riga),LV00,,https://www.delfi.lv/,Labeled as liberal.,,Latvia,
The Baltic Times,News,International,,,https://www.baltictimes.com/,,,Latvia,
Neatarīgā Rīta Avīze,News,National (Riga),LV00,,https://nra.lv/,,,Latvia,
Zemgales Ziŋas,News,Regional (Jelgava),LV00,,https://zz.lv/,,,Latvia,
The Shift News,News,National (Valletta),MT00,,https://theshiftnews.com/,Labeled as centre-left.,,Malta,
Times of Malta,News,National (Valletta),MT00,"Has a right-wing, pro-European stance.",https://timesofmalta.com/,Labeled as conservative.,,Malta,
The Malta Independent,News,National (St Julian's),MT00,Has a pro-European stance.,https://www.independent.com.mt/,Labeled as liberal-conservative.,,Malta,
Malta Today,News,National (San Gwann),MT00,,https://www.maltatoday.com.mt/,Labeled as centre-left.,,Malta,
ONE News,News,National,MT00,,https://one.com.mt/,,,Malta,
AD,News,,,,https://www.ad.nl/,,,Netherlands,
Vrij Nederland,News,National (Amsterdam),NL3,,https://www.vn.nl/,Labeled as left-wing.,,Netherlands,
Trouw,News,National (Amsterdam),NL3,Pursues a progressive Christian course,https://www.trouw.nl/,Christian,,Netherlands,
NRC Next,News,National (Amsterdam),NL3,,https://www.nrc.nl/next/,Labeled as liberal.,,Netherlands,
Joop,News,National (Hilversum),NL3,,https://www.bnnvara.nl/joop,Labeled as left-wing.,,Netherlands,
The Post Online,News,National (Amsterdam),NL3,"Although it insists that it is against dogma and ideology, many articles are on the right of the political spectrum.",https://tpo.nl/,,,Netherlands,
De Correspondent,News,National (Amsterdam),NL3,,https://decorrespondent.nl/,Labeled as liberal.,,Netherlands,
Het Financieele Dagblad,News,National (Amsterdam),NL3,,https://fd.nl/,Labeled as liberal.,,Netherlands,
Elsevier,News,National (Amsterdam),NL3,Pursues a decidedly conservative-liberal course.,https://www.elsevier.com/,Labeled as liberal-conservative.,,Netherlands,
De Groene Amsterdammer,News,National (Amsterdam),NL3,It is seen as a mouthpiece for left-wing intellectuals mainly based in Amsterdam.,https://www.groene.nl/,Labeled as left-wing.,,Netherlands,
NRC Handelsblad,News,National (Amsterdam),NL3,,https://adverteren.nrc.nl/,Labeled as liberal.,,Netherlands,
De Telegraaf,News,National (Amsterdam),NL3,Tabloid; Owing to its polemic right-wing editorial policy the paper is often accused of campaign journalism.,https://www.telegraaf.nl/,Labeled as right-wing.,,Netherlands,
De Volkskrant,News,National (Amsterdam),NL3,,https://www.volkskrant.nl/,Labeled as centre-left.,,Netherlands,
Algemeen Dagblad,News,Regional (Rotterdam),NL3,,https://www.ad.nl/nieuws/,,,Netherlands,
BN DeStem,News,"Regional (North Brabant, Zeeland)",NL3; NL4,,https://www.bndestem.nl/,,,Netherlands,
De Limburger,News,Regional (Limburg),NL4,,https://www.limburger.nl/,,,Netherlands,
Eindhovens Dagblad,News,Regional (Eindhoven),NL4,,https://www.ed.nl/,,,Netherlands,
Haarlems Dagblad,News,Regional (Haarlem),NL3,,https://www.haarlemsdagblad.nl/,,,Netherlands,
Groningsnieuws,News,Regional (Groningen),NL1,,https://www.groningsnieuws.nl/,,,Netherlands,
Friesch Dagblad,News,Regional (Friesland),NL1,,https://frieschdagblad.nl/,Wiki: News reports are written from a protestant perspective.,,Netherlands,https://en.wikipedia.org/wiki/Friesch_Dagblad
De Gelderlander,News,Regional (Gelderland),NL2,,https://www.gelderlander.nl/,,,Netherlands,
Omroep Flevoland,News,Regional (Flevoland),NL2,,https://www.omroepflevoland.nl/nieuws#1,,,Netherlands,
OKO,News,National,,,https://oko.press/,,,Poland,
Klub Jagielloński,News,National (Krakow),PL2,Founded in 2013 as a publication platform of the republican-conservative think tank Klub Jagielloński.,https://klubjagiellonski.pl/,Labeled as conservative.,,Poland,
Onet,News,National (Warsaw),PL9,,https://wiadomosci.onet.pl/,Labeled as centre-left.,,Poland,
Tygodnik Powszechny,News,National (Krakow),PL2,Its political orientation is conservative to liberal and does not align itself along political party lines.,https://www.tygodnikpowszechny.pl/,Catholic magazine.,,Poland,
Gazeta,News,National (Warsaw),PL9,The portal's political orientation is left-liberal and anti-government.,"https://www.gazeta.pl/0,0.html",Labeled as centre-left.,,Poland,
Wirtualna Polska,News,National (Warsaw),PL9,"Politically, it seems to be relatively neutral: its opinion section features well-known conservative as well as leftist and liberal journalists, who sometimes also debate with each other.",https://www.wp.pl/,Labeled as liberal.,,Poland,
Interia,News,National (Krakow),PL2,"It provides mainly tabloid coverage, but also features domestic and international political news coverage.",https://www.interia.pl/,Labeled as conservative.,,Poland,
Rzeczpospolita,News,National (Warsaw),PL9,,https://www.rp.pl/,Labeled as liberal-conservative.,,Poland,
wPolityce,News,National (Warsaw),PL9,Politicians of the national conservative Law and Justice Party (PiS) are among its regular contributors. The platform is closely aligned with the party and is anti-liberal in its stance.,https://wpolityce.pl/,Pro-government.,,Poland,
TVP,News,National (Warsaw),PL9,Since the national conservative Law and Justice Party (PiS) came to power in 2015 their news broadcasts have mainly become an instrument of propaganda for the party.,https://www.tvp.pl/,Pro-government.,,Poland,
Super Express,News,National (Warsaw),PL9,It is aimed at a predominantly conservative readership.,https://www.se.pl/,Labeled as conservative.,,Poland,
Polska,News,Regional (Warsaw),PL9,,https://i.pl/,Labeled as liberal-conservative.,,Poland,
Newsweek Polska,News,National (Warsaw),PL9,"Generally liberal on economic issues, and centre-left on social issues.",https://www.newsweek.pl/,Labeled as liberal.,,Poland,
NaTemat ,News,National (Warsaw),PL9,,https://natemat.pl/,Labeled as liberal.,,Poland,
Nasz Dziennik,News,National (Warsaw),PL9,Tries to teach Catholic values. It is closely aligned with the national conservative Law and Justice party (PiS). ,https://naszdziennik.pl/,Catholic.,,Poland,
Krytyka Polityczna,News,National (Warsaw),PL9,,https://krytykapolityczna.pl/,Labeled as left-wing.,,Poland,
Do Rzeczy,News,National (Warsaw),PL9,It represents conservative bordering on nationalist positions and frequently supports the PIS party line.,https://dorzeczy.pl/,Labeled as conservative.,,Poland,
Sieci,News,National (Warsaw),PL9,The magazine is published in cooperation with the wPolityce.pl website and has close ties to the ruling party PiS.,https://www.sieciprawdy.pl/,Labeled as nationalistic.,,Poland,
Gość Niedzielny,News,National (Katowice),PL2,"It represents Catholic values ​​and focuses on topics such as family or the relationship of man to God and the Church, in line with a deeply conservative interpretation of the Christian doctrine.",https://www.gosc.pl/,Catholic.,,Poland,
Gazeta Polska Codziennie,News,National (Warsaw),PL9,Gazeta Polska Codzienne represents a conservative to nationalist standpoint and has close ties to the ruling PiS party.,https://gpcodziennie.pl/,Labeled as right-wing.,,Poland,
Fakt,News,National (Warsaw),PL9,It likes to portray itself as a defender of the average citizen. ,https://www.fakt.pl/,Labeled as conservative.,,Poland,
Dziennik Gazeta Prawna,News,National (Warsaw),PL9,Represents centrist and centre-right positions.,https://www.gazetaprawna.pl/,Labeled as liberal-conservative.,,Poland,
Wprost,News,National (Warsaw),PL9,,https://www.wprost.pl/,Labeled as conservative.,,Poland,
Gazeta Wyborcza,News,National (Warsaw),PL9,"Pro-European, highly critical of the government and frequently calls for protests against the national conservative PiS government.","https://wyborcza.pl/0,0.html?disableRedirects=true",Labeled as centre-left.,,Poland,
Polityka,News,National (Warsaw),PL9,,https://www.polityka.pl/,Labeled as liberal.,,Poland,
Dziennik Polski,News,Regional (Małopolskie),PL2,,https://dziennikpolski24.pl/,,,Poland,
Gazeta Polska,News,National,,,https://www.gazetapolska.pl/,,,Poland,
Gazeta Wyborcza,News,National (Warsaw),PL9,,"https://www.gazeta.pl/0,0.html",,,Poland,
New Eastern Europe,News,International,,,https://neweasterneurope.eu/,,,Poland,
Polish Press Agency,News,National (Warsaw),PL9,National news agency.,https://www.pap.pl/en,,,Poland,
Tygodnik Angora,News,Regional (Łódź),PL7,,https://www.angora.com.pl/,,,Poland,
Warsaw Voice,News,National (Warsaw),PL9,,https://www.warsawvoice.pl/WVpage/pages/index.php,English language.,,Poland,
Życie Warszawy,News,Regional (Warsaw),PL9,,https://www.zw.com.pl/,,,Poland,
Głos Wielkopolski,News,Regional (Wielkopolskie),PL4,,https://gloswielkopolski.pl/,,,Poland,
TenPoznan,News,"Regional (Poznań, Wielkopolskie)",PL4,,https://tenpoznan.pl/,,,Poland,
Gazeta Wrocławska,News,Regional (Wrocław),PL5,,https://gazetawroclawska.pl/,,,Poland,
Prosto z Opolskiego,News,Regional (Opolskie),PL5,,https://www.prostozopolskiego.pl/,,,Poland,
Gazeta Pomorska,News,"Regional (Bydgoszcz, Inowrocław, Włocławek, Aleksandrów Kujawski, Chełmno, Koronowo, Golub-Dobrzyń, Lipno, Rypin, Świecie, Wąbrzeźno, 
Grudziądz, Toruń, Chojnice, Brodnica, Ciechocinek, Nakło, Mogilno, Radziejów, Tuchola, Sępólno Krajeńskie, Żnin)",PL6,,https://pomorska.pl/,,,Poland,
Warmińsko-mazurskie,News,Regional (Warmińsko-mazurskie),PL6,,https://warminskomazurskie.naszemiasto.pl/,,,Poland,
Dziennik,News,Regional (Łódzkie),PL7,,https://dzienniklodzki.pl/,,,Poland,
Kurier Lubelski,News,Regional (Lubelskie),PL8,,https://kurierlubelski.pl/,,,Poland,
Onet,News,"Regional (Krakow, Lodz, Warszawa, Olsztyn, Wroclaw, Szczecin, Bialystok, Poznan, Kielce, Rzeszow, Lubuskie, Kujawsko-Pomorskie, Slask, Lublin, Trojmiasto, Opole)",PL2; PL4; PL5; PL6; PL7; PL8,,https://wiadomosci.onet.pl/,,,Poland,
O Diabo,News,National (Lisboa),PT1,,https://jornaldiabo.com/,,,Portugal,
AbrilAbril,News,National,,,https://www.abrilabril.pt/,,,Portugal,
ECO - Economia Online,News,National (Lisboa),PT1,,https://eco.sapo.pt/,Labeled as liberal.,,Portugal,
TSF,News,National (Lisboa),PT1,,https://www.tsf.pt/,Labeled as liberal.,,Portugal,
O Jornal Económico,News,National (Lisboa),PT1,,https://jornaleconomico.pt/,Labeled as liberal.,,Portugal,
SIC Notícias,News,National (Oeiras),PT1,,https://sicnoticias.pt/,Labeled as liberal.,,Portugal,
Sol,News,National (Lisboa),PT1,,https://sol.sapo.pt/,Labeled as right-wing.,,Portugal,
Rádio Renascença,News,National (Lisboa),PT1,"Private Catholic radio station with a conservative stance, owned by the Catholic Church in Portugal.",https://rr.sapo.pt/,Catholic,,Portugal,
Público,News,"Regional (Lisboa, Porto, Coimbra, Braga)",PT1,,https://www.publico.pt/,Labeled as liberal.,,Portugal,
Observador,News,National (Lisboa),PT1,"Generally adopts a moderate, centre-right stance.",https://observador.pt/,Labeled as liberal-conservative.,,Portugal,
Jornal de Notícias,News,National (Porto),PT1,Generally represents the centre of the political spectrum.,https://www.jn.pt/,Labeled as liberal.,,Portugal,
Jornal de Negócios,News,National (Lisboa),PT1,,https://www.jornaldenegocios.pt/,Labeled as liberal.,,Portugal,
Sábado,News,National (Lisboa),PT1,Tabloid; Its content is neutral and politically unbiased.,https://www.sabado.pt/,,,Portugal,
Journal I ,News,National (Lisboa),PT1,,https://ionline.sapo.pt/,Labeled as centre-left.,,Portugal,
Visão,News,National (Oeiras),PT1,,https://visao.sapo.pt/,Labeled as centre-left.,,Portugal,
Correio da Manhã,News,National (Lisboa),PT1,Tabloid-style. Its reporting does not have any particular political orientation.,https://www.cmjornal.pt/,,,Portugal,
Expresso,News,National (Oeiras),PT1,,https://expresso.pt/,Labeled as liberal.,,Portugal,
Diário de Notícias,News,National (Lisboa),PT1,,https://www.dn.pt/,Labeled as liberal-conservative.,,Portugal,
Portugal Resident,News,National (Algarve),PT1,,https://www.portugalresident.com/,,,Portugal,
O Interior,News,Regional (Beiras e Serra da Estrela),PT1,,https://ointerior.pt/,,,Portugal,
Lusa - Agência de Notícias de Portugal,News,National (Lisboa),PT1,,https://www.lusa.pt/,Portuguese news agency,,Portugal,
Região Sul,News,Regional (Algarve),PT1,,https://regiao-sul.pt/,,,Portugal,
Terras da Beira,News,Regional (Guarda),PT1,,https://terrasdabeira.gmpress.pt/,,,Portugal,
Acoriano Oriental,News,Regional (Região Autónoma dos Açores),PT2,,https://www.acorianooriental.pt/,,,Portugal,
Açores 24Horas,News,Regional (Região Autónoma dos Açores),PT2,,https://www.acores24horas.pt/,,,Portugal,
Diário de Notícias,News,Regional (Região Autónoma da Madeira),PT3,,https://www.dnoticias.pt/,,,Portugal,
JM Madeira,News,Both (Região Autónoma da Madeira),PT3,,https://www.jm-madeira.pt/regiao,,,Portugal,
RFI România,News,International,,,https://www.rfi.ro/,Romanian language radio service of Radio France Internationale,,Romania,
Mediafax,News,National,,,https://www.mediafax.ro/,,,Romania,
Spotmedia,News,National,,,https://spotmedia.ro/,,,Romania,
Newsweek România,News,National (Bucharest),RO3,,https://newsweek.ro/,Labeled as liberal-conservative.,,Romania,
Maszol,News,National (Cluj-Napoca),RO1,"Hungarian-language media, receives public funds from Hungary.",https://www.maszol.ro/,,,Romania,
Libertatea,News,National (Bucharest),RO3,"Its look and feel is like a tabloid, yet claims to be a popular quality newspaper. The editorial team claims that it does not pursue any political agenda.",https://www.libertatea.ro/,Labeled as liberal-conservative.,,Romania,
G4Media,News,National (Bucharest),RO3,They claim to have no specific political orientation.,https://www.g4media.ro/,Labeled as liberal-conservative.,,Romania,
Baricada,News,National (Bucharest),RO3,"According to the editorial team, they aim to be independent and unbiased.",https://www.digi24.ro/,,,Romania,
Radio Europa Liberă,News,International,,According to the editors the broadcaster does not have a particular political orientation.,https://romania.europalibera.org/,A United States government-funded organisation that broadcasts from Prague to several Eastern European countries.,,Romania,
Krónika,News,National (Cluj-Napoca),RO1,"Hungarian-language daily. In early 2018, the publishing house became part of a media holding that was set up under the umbrella of the Erdélyi Médiatér Egyesület association and received funding from the Hungarian government.",https://kronikaonline.ro/,Labeled as conservative.,,Romania,
Ziare ,News,National (Bucharest),RO3,It is financed through advertising and describes itself as politically neutral.,https://ziare.com/,Labeled as conservative.,,Romania,
România liberă,News,National (Bucharest),RO3,,https://romanialibera.ro/,Labeled as conservative.,,Romania,
Revista 22,News,National (Bucharest),RO3,,https://revista22.ro/,Labeled as conservative.,,Romania,
Observator Cultural,News,National (Bucharest),RO3,The magazine is financed by subscriptions and art world advertising as well as funding from Romania's Ministry of Culture. ,https://www.observatorcultural.ro/,Labeled as liberal.,,Romania,
Jurnalul National,News,National (Bucharest),RO3,"In 1995 the publication passed into the ownership of the Intact Media Group, which belongs to the family of Dan Voiculescu, a controversial businessman and former high-ranking politician. He spent three years in prison for money laundering and fraud. The paper represents the interests of its owner, Voiculescu.",https://jurnalul.ro/,,,Romania,
Hotnews,News,National (Bucharest),RO3,Hotnews describes itself as politically neutral.,https://www.hotnews.ro/,,,Romania,
Gândul,News,National (Bucharest),RO3,,https://www.gandul.ro/,,,Romania,
Evenimentul Zilei,News,National (Bucharest),RO3,"Evenimentul Zilei - EVZ for short - is known for interest-driven reporting and tends to back whoever is financing the paper, with the result that its ideological orientation can change very quickly. ",https://evz.ro/,,,Romania,
Dilema Veche,News,National (Bucharest),RO3,,https://dilemaveche.ro/,Labeled as liberal-conservative.,,Romania,
Deutsche Welle Romania,News,National (Bucharest),RO3,Many of the commentaries lean towards conservatism.,https://www.dw.com/ro/focus/s-10575,Labeled as conservative.,,Romania,
Capital,News,National (Bucharest),RO3,,https://www.capital.ro/,Labeled as conservative.,,Romania,
Adevărul,News,National (Bucharest),RO3,,https://adevarul.ro/,Labeled as liberal-conservative.,,Romania,
Flash News,News,National,,,https://www.flashnews.ro/,,,Romania,
Allgemeine Deutsche Zeitung ,News,National,,German language daily.,https://adz.ro/startseite,,,Romania,
Cotidianul,News,National (Bucharest),RO3,,https://www.cotidianul.ro/,,,Romania,
Curentul,News,National (Bucharest),RO3,,https://www.curentul.info/,,,Romania,
Libertatea,News,National (Bucharest),RO3,,https://www.libertatea.ro/,,,Romania,
Nine O'Clock,News,National (Bucharest),RO3,,https://www.nineoclock.ro/,English language.,,Romania,
Rompres: Agenţia Naţională de Presă ,News,National,,,https://www.agerpres.ro/,,,Romania,
Ziare,News,National (Bucharest),RO3,,https://ziare.com/,,,Romania,
Ziarul de Iași,News,Regional (Iași),RO2,,https://www.ziaruldeiasi.ro/stiri/local,,,Romania,
Alba24,News,Regional (Alba County),RO1,,https://alba24.ro/,,,Romania,
Ziarul de Iaşi,News,Regional (Iaşi County),RO2,,https://www.ziaruldeiasi.ro/,,,Romania,
Stirea de Iasi,News,Regional (Iaşi County),RO2,,https://www.stireadeiasi.ro/,,,Romania,
Gazeta de Sud,News,"Regional (Dolj, Gorj, Mehedinti, Olt, Valcea)",RO4,,https://www.gds.ro/,,,Romania,
Gorjeanul,News,Regional (Gorj),RO4,,https://gorjeanul.ro/,,,Romania,
Sydsvenskan,News,National (Malmö),SE2,"Since 1966 it has stated its editorial position as ""independent liberal"". ",https://www.sydsvenskan.se/,Labeled as liberal.,,Sweden,
Fokus,News,National (Stockholm),SE1,It describes itself as politically independent.,https://www.fokus.se/,,,Sweden,
SVT Opinion,News,National (Stockholm),SE1,,https://www.svt.se/,,,Sweden,
Upsala Nya Tidning,News,Regional (Uppsala),SE1,Upsala Nya Tidning is one of the country's liberal voices.,https://unt.se/lokalt,Labeled as liberal.,,Sweden,
Svenska Dagbladet,News,National (Stockholm),SE1,"Describes its editorial position as ""independently moderate"".",https://www.svd.se/,Labeled as conservative.,,Sweden,
Dagens Samhälle,News,National (Stockholm),SE1,Its mission is to report without political bias on issues of particular interest for the public sector.,https://www.dagenssamhalle.se/,,,Sweden,
Göteborgs-Posten,News,National (Gothenburg),SE2,,https://www.gp.se/,Labeled as liberal.,,Sweden,
Expressen,News,National (Stockholm),SE1,Tabloid: It focusses on scandals and sensational reporting.,https://www.expressen.se/,Labeled as liberal.,,Sweden,
ETC,News,National (Stockholm),SE1,,https://www.etc.se/,Labeled as left-wing.,,Sweden,
Dala-Demokraten,News,Regional (Falun),SE3,,https://www.dalademokraten.se/,Labeled as left-wing.,,Sweden,
Aftonbladet,News,National (Stockholm),SE1,Tabloid: focuses on scandals and exposés.,https://www.aftonbladet.se/,Labeled as centre-left.,,Sweden,
Dagens Nyheter,News,National (Stockholm),SE1,,https://www.dn.se/,Labeled as liberal.,,Sweden,
Borås Tidning,News,National (Borås),SE2,,https://www.bt.se/,,,Sweden,
Enköpings-Posten,News,Regional (Enköping),SE1,,https://eposten.se/,,,Sweden,
Hallands Nyheter,News,Regional (Falkenberg),SE2,,https://www.hn.se/,,,Sweden,
Helsingborgs Dagblad ,News,Regional (Helsingborg),SE2,,https://www.hd.se/,,,Sweden,
Nerikes Allehanda,News,Regional (Örebro),SE1,,https://www.na.se/,,,Sweden,
Norrbottens-Kuriren,News,Regional (Norrbotten),SE3,,https://kuriren.nu/,,,Sweden,
Norrköpings Tidningar,News,Regional (Östergötland),SE1,,https://nt.se/lokalt,,,Sweden,
Östersunds-Posten,News,Regional (Östersund),SE3,,https://www.op.se/nyheter/ettan,,,Sweden,
Västerbottens-Kuriren,News,Regional (Umeå),SE3,,https://www.vk.se/,,,Sweden,
Vestmanlands Läns Tidning,News,Regional (Västerås),SE1,,https://www.vlt.se/,,,Sweden,
Demokracija,News,National (Ljubljana),SI04,"The two current majority stakeholders in Nova Obzorja, the publisher of this conservative-right-wing weekly, are the SDS party of the conservative Prime Minister Janez Janša and the Hungarian publishing house Ripost.",https://demokracija.si/,Labeled as right-wing.,,Slovenia,
Primorske Novice,News,Regional (Koper),SI04,Describes itself as an independent daily,https://www.primorske.si/,,,Slovenia,
Večer,News,Regional (Maribor),SI03,It regards itself as a regional and politically neutral paper.,https://vecer.com/,,,Slovenia,
Žurnal24,News,National (Ljubljana),SI04,,https://www.zurnal24.si/,,,Slovenia,
RTV Slovenija,News,National (Ljubljana),SI04,,https://www.rtvslo.si/,,,Slovenia,
Mladina,News,National (Ljubljana),SI04,Ever since it was first founded the weekly paper Mladina has been a harsh critic of old ways of thinking and current politics.,https://www.mladina.si/,Labeled as left-wing.,,Slovenia,
Siol,News,National (Ljubljana),SI04,,https://siol.net/,,,Slovenia,
Dnevnik,News,National (Ljubljana),SI04,,https://www.dnevnik.si/,Labeled as centre-left.,,Slovenia,
Delo,News,"Both (Ljubljana, Stajerska, Gorenjska, Dolenjska, Prekmurje, Koroska, Primorsko-Notranjska)",SI03; SI04,,https://www.delo.si/,Labeled as centre-left.,,Slovenia,
Ljubljanske Novice,News,National (Ljubljana),SI04,,https://ljnovice.si/,,,Slovenia,
Slovene Press Agency,News,National (Ljubljana),SI04,,https://www.sta.si/,,,Slovenia,
Denník Postoj,News,National (Bratislava),SK01,,https://www.postoj.sk/,Labeled as conservative.,,Slovakia,
Teraz,News,National (Bratislava),SK01,,https://www.teraz.sk/,,,Slovakia,
Aktuality,News,National (Bratislava),SK01,,https://www.aktuality.sk/,Labeled as liberal.,,Slovakia,
Noviny,News,National (Bratislava),SK01,,https://www.noviny.sk/,,,Slovakia,
Új Szó,News,Regional (Bratislava),SK01,,https://ujszo.com/,Labeled as liberal.,,Slovakia,
Sme,News,National (Bratislava),SK01,,https://www.sme.sk/,Labeled as liberal.,,Slovakia,
Aktuálne,News,National (Bratislava),SK01,,https://www.centrum.sk/,Labeled as liberal.,,Slovakia,
Týždeň,News,National (Bratislava),SK01,,https://www.tyzden.sk/,Labeled as liberal-conservative.,,Slovakia,
Hospodárske noviny,News,National (Bratislava),SK01,,https://www.hnonline.sk/,Labeled as liberal.,,Slovakia,
Denník N,News,National (Bratislava),SK01,Critical of the government.,https://dennikn.sk/,,,Slovakia,
Pravda,News,National (Bratislava),SK01,,https://www.pravda.sk/,"Left-leaning quality daily newspaper, with close ties to Robert Fico's centre-left government",,Slovakia,
Nový CAS,News,"Both (Západné Slovensko, Východné Slovensko, Bratislava, Stredné Slovensko)",SK01; SK02; SK03; SK04,Wiki: Tabloid,https://www.cas.sk/,,,Slovakia,
Slovak Spectator,News,National (Bratislava),SK01,,https://spectator.sme.sk/,,,Slovakia,
Slovak News Agency,News,National (Bratislava),SK01,,https://www.tasr.sk/,,,Slovakia,
Plus JEDEN DEŇ - Pluska,News,"Both (Západné Slovensko, Bratislava, Stredné Slovensko, Východné Slovensko)",SK01; SK02; SK03; SK04,,https://www1.pluska.sk/,,,Slovakia,
